{
    "yots": [
        {
            "id": 0,
            "url": "https://th.bing.com/th/id/R.6aba5c50d250f931a9943611c34b2628?rik=JiJBpFjmkiyg3Q&riu=http%3a%2f%2fpictures.hentai-foundry.com%2fm%2fmurikajin%2f826821%2fmurikajin-826821-Yotsuba_Nakno.png&ehk=IutBdFqrl%2bV43%2bSiT%2fGlJv2%2fqa2WYVAzuZM5s5K5MJw%3d&risl=&pid=ImgRaw&r=0"
        },
        {
            "id": 1,
            "url": "https://pictures.hentai-foundry.com/m/murikajin/744331/murikajin-744331-Yotsuba_Underwater.png"
        },
        {
            "id": 2,
            "url": "http://pictures.hentai-foundry.com/v/vodka13/914754/vodka13-914754-Nakano_Yotsuba.png"
        },
        {
            "id": 3,
            "url": "http://pictures.hentai-foundry.com/f/FuzzLogik/717188/FuzzLogik-717188-Yotsuba.jpg"
        },
        {
            "id": 4,
            "url": "https://pictures.hentai-foundry.com/m/murikajin/723505/murikajin-723505-Yotsuba_Onsen_Collection.png"
        },
        {
            "id": 5,
            "url": "https://w640.luscious.net/Gabo789/336698/yotsuba-part-go-toubun-no-hanayome-2009214_01DB3R4W2S192DAYC786A73ADK.640x0.jpg"
        },
        {
            "id": 6,
            "url": "https://ba.hitomi.la/avif/1651496402/1360/48ec9afda3496e7f24febeec7f68c7a7d579e4ffe81efb8add54d60b4cea9505.avif" 
        },
        {
            "id": 7,
            "url": "https://img3.gelbooru.com//images/da/53/da534c0cb2d8b2a7daea51e2296b6f87.jpg"
        },
        {
            "id": 8,
            "url": "https://img3.gelbooru.com//samples/3d/52/sample_3d52fb26f4d6627afa921c548a977ea3.jpg"
        },
        {
            "id": 9,
            "url": "https://w1680.luscious.net/Noellesimp/426584/2379683f-2658-48ff-a_01FGMY9KFTZ80PG5XHEBYD1CNJ.1680x0.jpg"
        },
        {
            "id": 10,
            "url": "https://w1680.luscious.net/Noellesimp/426584/36b92710-14d3-4061-b_01FMN3AQ6BG1YH5T21DKF20SSJ.1680x0.jpg"
        },
        {
            "id": 11,
            "url": "https://w1680.luscious.net/Noellesimp/426584/36b92710-14d3-4061-b_01FMN3AQ6BG1YH5T21DKF20SSJ.1680x0.jpg"
        },
        {
            "id": 12,
            "url": "https://w1680.luscious.net/Noellesimp/426584/d9e41f24-2d6d-40dd-8_01FFB86Y4ZDRG48YHXKNQQ97GV.1680x0.jpg"
        },
        {
            "id": 13,
            "url": "https://w1680.luscious.net/Noellesimp/426584/efdc41e6-5734-49b0-9_01FGFZ84J6YR29V28W79VSTF0M.1680x0.jpg"
        },
        {
            "id": 14,
            "url": "https://w1680.luscious.net/Noellesimp/426584/d740a723-bff7-4469-9_01FGFZ3CDHW3DFAWZB4V9VWTRD.1680x0.jpg"
        },
        {
            "id": 15,
            "url": "https://w1680.luscious.net/Noellesimp/426584/5ab29320-fd29-45de-a_01FFB86K3DPYABBJB988T642ED.1680x0.jpg"
        },
        {
            "id": 16,
            "url": "https://w1680.luscious.net/Noellesimp/426584/ce6f19e7-e84c-4e0f-a_01FNW3BBTCEGJXF85VPGGX7AZR.1680x0.jpg"
        },
        {
            "id": 17,
            "url": "https://w1680.luscious.net/Noellesimp/426584/89cf07d8-6295-4a3d-8_01FMAW71HS6960YNGQ3W01ZQXA.1680x0.jpg"
        },
        {
            "id": 18,
            "url": "https://w1680.luscious.net/Noellesimp/426584/220d70de-97b7-4326-9_01FHR88BPF8EVFHAGT8ZGVX7JN.1680x0.jpg"
        },
        {
            "id": 19,
            "url": "https://w1680.luscious.net/Noellesimp/426584/102467fc-b7c1-4020-8_01FGYH5S9PJGF8DNCP28BF6TXD.1680x0.jpg"
        },
        {
            "id": 20,
            "url": "https://w1680.luscious.net/Noellesimp/426584/67b2b6b6-5a3c-49cc-9_01FFB864TFJ5DBA8H6MQTCMDGD.1680x0.jpg"
        },
        {
            "id": 21,
            "url": "https://w1680.luscious.net/Noellesimp/426584/59b4176b-953f-4def-8_01FKPAW4R3TK01ZYP48581608J.1680x0.jpg"
        },
        {
            "id": 22,
            "url": "https://w1680.luscious.net/Noellesimp/426584/c38f7420-f370-45eb-a_01FGFZ3H0XDYENMXEFX9N02HE2.1680x0.jpg"
        },
        {
            "id": 23,
            "url": "https://w1680.luscious.net/Noellesimp/426584/f98e5d18-4e3a-4c98-b_01FFB86EAHWT3GBK9NN97KPD9Z.1680x0.jpg"
        },
        {
            "id": 24,
            "url": "https://w1680.luscious.net/Noellesimp/426584/437b99b8-032f-4977-8_01FRHQFD8N655JNA6VS7VDVNN7.1680x0.jpg"
        },
        {
            "id": 25,
            "url": "https://w1680.luscious.net/Noellesimp/426584/095db3f8-9c48-446e-8_01FP5QY06BCZM9S4EWGSTW5S4G.1680x0.jpg"
        },
        {
            "id": 26,
            "url": "https://w1680.luscious.net/Noellesimp/426584/4298377a-0a4a-4f27-b_01FJ3D9HGTQ0NXSSA4VVJ6HAW5.1680x0.jpg"
        },
        {
            "id": 27,
            "url": "https://w1680.luscious.net/Noellesimp/426584/95a3f720-18a1-474e-9_01FQ5Z6ND7RSNG251F80N1MB18.1680x0.jpg"
        },
        {
            "id": 28,
            "url": "https://w1680.luscious.net/Noellesimp/426584/6b21a54c-0b5f-4d73-8_01FNW3BE3FARYFJTHAAME7HZ0K.1680x0.jpg"
        },
        {
            "id": 29,
            "url": "https://w1680.luscious.net/Noellesimp/426584/0fc0540c-fae1-485b-8_01FMZGTXKYMA06W77T94812TZW.1680x0.jpg"
        },
        {
            "id": 30,
            "url": "https://w1680.luscious.net/Noellesimp/426584/afcea819-5658-482c-a_01FMN32F8T56WP5KKKBGRENSRR.1680x0.jpg"
        },
        {
            "id": 31,
            "url": "https://m5.imhentai.xxx/018/8ud36jpmg7/2.jpg"
        },
        {
            "id": 32,
            "url": "https://w1680.luscious.net/SenkuIshigami/440663/ea653008f839a5f043e2_01FSF2Y6HNBP1A96ZC7SK0WX6M.1680x0.jpg"
        },
        {
            "id": 33,
            "url": "https://w1680.luscious.net/SenkuIshigami/440663/ffe16467c2bb9f3b4229_01FSF2YBY89JCXZGKCV1AZ6M4B.1680x0.jpg"
        },
        {
            "id": 34,
            "url": "https://w1680.luscious.net/SenkuIshigami/440663/d89b61bbb048a882e418_01FSF2Y3H8S0YE204AY7BXATXB.1680x0.jpg"
        },
        {
            "id": 35,
            "url": "https://w1680.luscious.net/SenkuIshigami/440663/c0b20b13f1be04f9fb4c_01FSF2XEXYKB1JGRWBVMTNK6JN.1680x0.jpg"
        },
        {
            "id": 36,
            "url": "https://w1680.luscious.net/SenkuIshigami/440663/37412360c08275ba366e_01FSF2WYRNMR9N6625HXK1WNJ8.1680x0.jpg"
        },
        {
            "id": 37,
            "url": "https://w1680.luscious.net/SenkuIshigami/440663/54dce2e41206f37ba11b_01FSF2VQKA7WQV737EC6J0F2ME.1680x0.jpg"
        },
        {
            "id": 38,
            "url": "https://w1680.luscious.net/SenkuIshigami/440663/049b2c8fc1a37a488f93_01FSF2VMYVY4NPB12ZCJXXFEW8.1680x0.jpg"
        },
        {
            "id": 39,
            "url": "https://w640.luscious.net/SenkuIshigami/440663/1640811603874_01FR415QTRBZG0H96AMYMDMJ45.640x0.jpg"
        },
        {
            "id": 40,
            "url": "https://i.redd.it/4v3kqsv673281.jpg" 
        },
        {
            "id": 41,
            "url": "https://w1680.luscious.net/SenkuIshigami/440663/0df932b0ecd6369c2986_01FR3SWNYXWQAJRN0F589GJ559.1680x0.jpg"
        },
        {
            "id": 42,
            "url": "https://w1680.luscious.net/SenkuIshigami/440663/da778824-1d2f-411a-b_01FR3RZV0782DTWHCJSFE09FEC.1680x0.jpg"
        },
        {
            "id": 43,
            "url": "https://w1680.luscious.net/SenkuIshigami/440663/afcea819-5658-482c-a_01FR3RZNS77E12G9V0SMW3AQQG.1680x0.jpg"
        },
        {
            "id": 44,
            "url": "https://w640.luscious.net/Noellesimp/414920/855e2c0f-aaad-4dcd-a_01G1Z3PRSWM8S2KS7XKPAAC9BJ.640x0.jpg"
        },
        {
            "id": 45,
            "url": "https://w1680.luscious.net/Noellesimp/414920/44046ed2-64ae-4085-8_01G1Z3P87S6E721JF1PBYA04HZ.1680x0.jpg"
        },
        {
            "id": 46,
            "url": "https://w1680.luscious.net/Noellesimp/414920/087ebb27-5e84-47df-b_01G1FQCSF3V3ES5APZQB96T89N.1680x0.jpg"
        },
        {
            "id": 47,
            "url": "https://w1680.luscious.net/Noellesimp/414920/8a9ffb24-3daa-40e5-b_01G11G1T9P67BJ4QKA8BTR8B3N.1680x0.jpg"
        },
        {
            "id": 48,
            "url": "https://w1680.luscious.net/M.D.Luffy/407430/18193efd-0c8e-4c4c-b_01F3H4WY6007VDPWARPG8C6VER.1680x0.jpg"
        },
        {
            "id": 49,
            "url": "https://w1680.luscious.net/M.D.Luffy/407430/2016ee56-23c8-426c-9_01F3H4VGCN40AQVM4K6ZRQTMED.1680x0.jpg"
        },
        {
            "id": 50,
            "url": "https://w640.luscious.net/M.D.Luffy/407430/5d585eda-d000-4e32-a_01F3DN6XYBXZT7MAE1RD5X71C5.640x0.jpg"
        },
        {
            "id": 51,
            "url": "https://cdn.truyen-hentai.com/girls-having-some-fun?interlace=1&quality=100&type=jpeg&url=https%3A%2F%2Fi.redd.it%2Fjbvplt8lwr831.jpg&width=920&sign=PU8WpjYxgdypYggzKLKy1XJ9o2q2-UQJwcgSrS_NKaQ"
        },
        {
            "id": 52,
            "url": "https://img3.gelbooru.com//samples/43/16/sample_4316662a5a0ea8360c2b3a55f923c00d.jpg"
        }
    ]
}
